student_id,experiment_score,temperature,humidity
<<<<<<< HEAD
S01,85.0,22.0,45
S02,92.0,24.0,47
S03,82.75,25.0,	
S04,75.0,22.5,47
S05,78.0,25.071428571428573,48
S06,69.0,23.0,	
S07,82.75,30.0,49
S08,85.0,25.071428571428573,28	
S09,90.0,25.071428571428573,45
S10,88.0,29.0,48
=======
S01,85.0,22.0,45.0
S02,92.0,24.0,47.0
S03,82.75,25.0,47.0
S04,75.0,22.5,47.0
S05,78.0,25.4375,48.0
S06,69.0,23.0,47.0
S07,82.75,30.0,49.0
S08,85.0,28.0,47.0
S09,90.0,25.4375,45.0
S10,88.0,29.0,48.0
>>>>>>> main
